{
    "APPRT": {
        "A": 17.563412759415833,
        "B": 12.730591852421213,
        "C": 37.163720215219065,
        "D": 19.4369715603382,
        "E": 8.61837048424289,
        "F": 2.66141429669485,
        "G": 1.8255188316679476
    },
    "SFH": {
        "A": 57.84861430605762,
        "B": 5.1046116770730645,
        "C": 11.019826925183482,
        "D": 11.874246905466098,
        "E": 8.09508160806222,
        "F": 3.768211195092562,
        "G": 2.2894073830649577
    },
    "MFH": {
        "A": 17.278617710583152,
        "B": 7.559395248380129,
        "C": 34.557235421166304,
        "D": 20.950323974082075,
        "E": 11.663066954643629,
        "F": 4.751619870410368,
        "G": 3.2397408207343417
    },
    "COM": {
        "A": 11.110000000000001,
        "B": 12.25,
        "C": 24.72,
        "D": 22.62,
        "E": 13.200000000000001,
        "F": 5.88,
        "G": 10.22
    },
    "Info": "Percentage of building types DPE class within french buildings from DPE real data"
}